,Model,Train Accuracy,Test Accuracy,Precision,Recall (Sensitivity),F1 Score,Specificity,ROC AUC Score
2,Random Forest Classfier,1.0,1.0,1.0,1.0,1.0,1.0,1.0
3,XG Boost,1.0,1.0,1.0,1.0,1.0,1.0,1.0
5,Decision Tree,1.0,1.0,1.0,1.0,1.0,1.0,1.0
6,Support Vector Machine,0.9353658536585366,0.9219512195121952,0.8813559322033898,0.9811320754716981,0.9285714285714286,0.8585858585858586,0.9198589670287783
4,K Nearest Neighbors,0.9548780487804878,0.848780487804878,0.8571428571428571,0.8490566037735849,0.8530805687203792,0.8484848484848485,0.8487707261292168
1,Naive Bayes,0.8304878048780487,0.8,0.782608695652174,0.8490566037735849,0.8144796380090498,0.7474747474747475,0.7982656756241662
0,Logistic Regression,0.8621951219512195,0.7951219512195122,0.7622950819672131,0.8773584905660378,0.8157894736842105,0.7070707070707071,0.7922145988183724
