,Model,Train Accuracy,Test Accuracy,Precision,Recall (Sensitivity),F1 Score,Specificity,ROC AUC Score
2,Random Forest,1.0,0.9824561403508771,1.0,0.9574468085106383,0.9782608695652174,1.0,0.9787234042553192
7,Extra Trees Classifier,1.0,0.9736842105263158,1.0,0.9361702127659575,0.967032967032967,1.0,0.9680851063829787
5,Gradient Boosting,1.0,0.9736842105263158,0.9583333333333334,0.9787234042553191,0.968421052631579,0.9701492537313433,0.9744363289933312
0,Logistic Regression,0.989010989010989,0.9649122807017544,0.9777777777777777,0.9361702127659575,0.9565217391304348,0.9850746268656716,0.9606224198158145
3,Support Vector Machine,0.9912087912087912,0.9649122807017544,0.9574468085106383,0.9574468085106383,0.9574468085106383,0.9701492537313433,0.9637980311209908
6,XG Boost,1.0,0.9649122807017544,0.9574468085106383,0.9574468085106383,0.9574468085106383,0.9701492537313433,0.9637980311209908
1,Decision Tree,0.9912087912087912,0.9210526315789473,0.8653846153846154,0.9574468085106383,0.9090909090909091,0.8955223880597015,0.9264845982851699
4,Naive Bayes,0.9406593406593406,0.8947368421052632,0.8723404255319149,0.8723404255319149,0.8723404255319149,0.9104477611940298,0.8913940933629724
